[
{
  "model": "hm12.author",
  "pk": 1,
  "fields": {
    "name": "Тарас Шевченко",
    "age": 35
  }
},
{
  "model": "hm12.author",
  "pk": 2,
  "fields": {
    "name": "Леся Украинка",
    "age": 28
  }
},
{
  "model": "hm12.author",
  "pk": 3,
  "fields": {
    "name": "Олена Пчелка",
    "age": 55
  }
},
{
  "model": "hm12.author",
  "pk": 4,
  "fields": {
    "name": "Александр Пушкин",
    "age": 36
  }
},
{
  "model": "hm12.author",
  "pk": 5,
  "fields": {
    "name": "Иван Франко",
    "age": 43
  }
},
{
  "model": "hm12.author",
  "pk": 6,
  "fields": {
    "name": "Всеволод Нестайко",
    "age": 76
  }
},
{
  "model": "hm12.author",
  "pk": 7,
  "fields": {
    "name": "Виктор Гюго",
    "age": 53
  }
},
{
  "model": "hm12.author",
  "pk": 8,
  "fields": {
    "name": "Лев Толстой",
    "age": 43
  }
},
{
  "model": "hm12.author",
  "pk": 9,
  "fields": {
    "name": "Николай Гоголь",
    "age": 34
  }
},
{
  "model": "hm12.author",
  "pk": 10,
  "fields": {
    "name": "Джордж Оруэлл",
    "age": 75
  }
},
{
  "model": "hm12.author",
  "pk": 11,
  "fields": {
    "name": "Михаил Булгаков",
    "age": 33
  }
},
{
  "model": "hm12.author",
  "pk": 12,
  "fields": {
    "name": "Грегори Дэвид Робертс",
    "age": 75
  }
},
{
  "model": "hm12.author",
  "pk": 13,
  "fields": {
    "name": "Эрих Мария Ремарк",
    "age": 54
  }
},
{
  "model": "hm12.author",
  "pk": 14,
  "fields": {
    "name": "Дэниел Киз",
    "age": 47
  }
},
{
  "model": "hm12.author",
  "pk": 15,
  "fields": {
    "name": "Оскар Уайльд",
    "age": 38
  }
},
{
  "model": "hm12.book",
  "pk": 1,
  "fields": {
    "name": "Harry Potter",
    "pages": 436,
    "price": "416.00",
    "rating": 8.0,
    "publisher": 22,
    "pubdate": "2004-01-13",
    "authors": [
      1,
      2,
      3,
      4,
      5,
      7,
      9,
      10,
      11,
      12,
      13,
      15
    ]
  }
},
{
  "model": "hm12.book",
  "pk": 2,
  "fields": {
    "name": "Кобзар",
    "pages": 876,
    "price": "350.00",
    "rating": 10.0,
    "publisher": 21,
    "pubdate": "2004-03-06",
    "authors": [
      1,
      2,
      4,
      5,
      6,
      8,
      9,
      10,
      11,
      12,
      13,
      14
    ]
  }
},
{
  "model": "hm12.book",
  "pk": 3,
  "fields": {
    "name": "Перлини української класики",
    "pages": 470,
    "price": "240.00",
    "rating": 5.0,
    "publisher": 30,
    "pubdate": "2008-12-21",
    "authors": [
      1,
      3,
      4,
      5,
      6,
      8,
      11,
      13,
      15
    ]
  }
},
{
  "model": "hm12.book",
  "pk": 4,
  "fields": {
    "name": "Пророк. Поеми. Поезії",
    "pages": 320,
    "price": "760.00",
    "rating": 6.5,
    "publisher": 26,
    "pubdate": "2011-04-04",
    "authors": [
      1,
      3,
      4,
      6,
      7,
      8,
      10,
      12,
      13,
      15
    ]
  }
},
{
  "model": "hm12.book",
  "pk": 5,
  "fields": {
    "name": "Скарбниця української класики",
    "pages": 176,
    "price": "349.00",
    "rating": 7.0,
    "publisher": 25,
    "pubdate": "2007-04-06",
    "authors": [
      2,
      3,
      5,
      7,
      8,
      9,
      11,
      15
    ]
  }
},
{
  "model": "hm12.book",
  "pk": 6,
  "fields": {
    "name": "Лесная песня ",
    "pages": 542,
    "price": "299.00",
    "rating": 8.5,
    "publisher": 23,
    "pubdate": "2001-05-26",
    "authors": [
      2
    ]
  }
},
{
  "model": "hm12.book",
  "pk": 7,
  "fields": {
    "name": "Бояриня ",
    "pages": 657,
    "price": "555.00",
    "rating": 9.5,
    "publisher": 21,
    "pubdate": "2005-12-25",
    "authors": [
      8
    ]
  }
},
{
  "model": "hm12.book",
  "pk": 8,
  "fields": {
    "name": "Отверженные ",
    "pages": 644,
    "price": "599.00",
    "rating": 8.0,
    "publisher": 28,
    "pubdate": "2011-11-27",
    "authors": [
      9
    ]
  }
},
{
  "model": "hm12.book",
  "pk": 9,
  "fields": {
    "name": "Собор Парижской Богоматери ",
    "pages": 333,
    "price": "899.00",
    "rating": 7.0,
    "publisher": 27,
    "pubdate": "2012-12-06",
    "authors": [
      11
    ]
  }
},
{
  "model": "hm12.book",
  "pk": 10,
  "fields": {
    "name": "Человек",
    "pages": 432,
    "price": "679.00",
    "rating": 8.5,
    "publisher": 29,
    "pubdate": "2007-10-12",
    "authors": [
      12
    ]
  }
},
{
  "model": "hm12.book",
  "pk": 11,
  "fields": {
    "name": "Козетта ",
    "pages": 651,
    "price": "399.00",
    "rating": 9.0,
    "publisher": 29,
    "pubdate": "2012-04-08",
    "authors": [
      7,
      15
    ]
  }
},
{
  "model": "hm12.book",
  "pk": 12,
  "fields": {
    "name": "Сказка о царе Салтане ",
    "pages": 188,
    "price": "299.00",
    "rating": 9.0,
    "publisher": 30,
    "pubdate": "2000-06-07",
    "authors": [
      4
    ]
  }
},
{
  "model": "hm12.book",
  "pk": 13,
  "fields": {
    "name": "Повести Белкина ",
    "pages": 288,
    "price": "299.00",
    "rating": 9.0,
    "publisher": 21,
    "pubdate": "2006-08-16",
    "authors": [
      13
    ]
  }
},
{
  "model": "hm12.book",
  "pk": 14,
  "fields": {
    "name": "Евгений Онегин ",
    "pages": 554,
    "price": "300.00",
    "rating": 9.5,
    "publisher": 22,
    "pubdate": "2006-11-22",
    "authors": [
      10
    ]
  }
},
{
  "model": "hm12.book",
  "pk": 15,
  "fields": {
    "name": "Барышня-крестьянка ",
    "pages": 445,
    "price": "399.00",
    "rating": 10.0,
    "publisher": 30,
    "pubdate": "2005-09-04",
    "authors": [
      9,
      10
    ]
  }
},
{
  "model": "hm12.book",
  "pk": 16,
  "fields": {
    "name": "Анна Каренина ",
    "pages": 444,
    "price": "400.00",
    "rating": 5.0,
    "publisher": 29,
    "pubdate": "2002-12-04",
    "authors": [
      3,
      8
    ]
  }
},
{
  "model": "hm12.book",
  "pk": 17,
  "fields": {
    "name": "Война и мир ",
    "pages": 559,
    "price": "751.00",
    "rating": 3.0,
    "publisher": 28,
    "pubdate": "2011-05-18",
    "authors": [
      12
    ]
  }
},
{
  "model": "hm12.book",
  "pk": 18,
  "fields": {
    "name": "Воскресение ",
    "pages": 665,
    "price": "888.00",
    "rating": 2.5,
    "publisher": 27,
    "pubdate": "2007-12-09",
    "authors": [
      1,
      14
    ]
  }
},
{
  "model": "hm12.book",
  "pk": 19,
  "fields": {
    "name": "Захар Беркут ",
    "pages": 687,
    "price": "905.00",
    "rating": 6.5,
    "publisher": 27,
    "pubdate": "2008-05-23",
    "authors": [
      13
    ]
  }
},
{
  "model": "hm12.book",
  "pk": 20,
  "fields": {
    "name": "Украдене щастя ",
    "pages": 327,
    "price": "321.00",
    "rating": 7.0,
    "publisher": 22,
    "pubdate": "2004-09-05",
    "authors": [
      10
    ]
  }
},
{
  "model": "hm12.book",
  "pk": 21,
  "fields": {
    "name": "Перехресні стежки ",
    "pages": 730,
    "price": "549.00",
    "rating": 7.0,
    "publisher": 21,
    "pubdate": "2011-09-30",
    "authors": [
      6
    ]
  }
},
{
  "model": "hm12.book",
  "pk": 22,
  "fields": {
    "name": "Изучаем Пайтон",
    "pages": 267,
    "price": "350.00",
    "rating": 8.0,
    "publisher": 23,
    "pubdate": "2010-10-18",
    "authors": [
      4,
      7
    ]
  }
},
{
  "model": "hm12.book",
  "pk": 23,
  "fields": {
    "name": "Мастер и Маргарита",
    "pages": 578,
    "price": "450.00",
    "rating": 9.0,
    "publisher": 24,
    "pubdate": "2013-01-09",
    "authors": [
      3
    ]
  }
},
{
  "model": "hm12.book",
  "pk": 24,
  "fields": {
    "name": "Викинуті українці",
    "pages": 618,
    "price": "650.00",
    "rating": 9.0,
    "publisher": 25,
    "pubdate": "2003-10-27",
    "authors": [
      2
    ]
  }
},
{
  "model": "hm12.book",
  "pk": 25,
  "fields": {
    "name": "Мастер и Маргарита",
    "pages": 790,
    "price": "450.00",
    "rating": 10.0,
    "publisher": 24,
    "pubdate": "2005-10-03",
    "authors": [
      1
    ]
  }
},
{
  "model": "hm12.book",
  "pk": 26,
  "fields": {
    "name": "Шантарам",
    "pages": 749,
    "price": "449.00",
    "rating": 10.0,
    "publisher": 24,
    "pubdate": "2013-02-08",
    "authors": [
      1
    ]
  }
},
{
  "model": "hm12.book",
  "pk": 27,
  "fields": {
    "name": "Три товарища",
    "pages": 366,
    "price": "679.00",
    "rating": 6.0,
    "publisher": 22,
    "pubdate": "2008-10-20",
    "authors": [
      1
    ]
  }
},
{
  "model": "hm12.book",
  "pk": 28,
  "fields": {
    "name": "Цветы для Элджернона",
    "pages": 265,
    "price": "579.00",
    "rating": 6.5,
    "publisher": 21,
    "pubdate": "2002-06-01",
    "authors": [
      4
    ]
  }
},
{
  "model": "hm12.book",
  "pk": 29,
  "fields": {
    "name": "Портрет Дориана Грея",
    "pages": 211,
    "price": "589.00",
    "rating": 6.5,
    "publisher": 29,
    "pubdate": "2008-09-06",
    "authors": [
      5
    ]
  }
},
{
  "model": "hm12.book",
  "pk": 30,
  "fields": {
    "name": "Маленький принц",
    "pages": 621,
    "price": "289.00",
    "rating": 7.0,
    "publisher": 29,
    "pubdate": "2005-05-14",
    "authors": [
      3,
      6
    ]
  }
},
{
  "model": "hm12.book",
  "pk": 31,
  "fields": {
    "name": "Телени",
    "pages": 328,
    "price": "389.00",
    "rating": 5.5,
    "publisher": 29,
    "pubdate": "2002-09-15",
    "authors": [
      8
    ]
  }
},
{
  "model": "hm12.book",
  "pk": 32,
  "fields": {
    "name": "Пятьдесят оттенков ",
    "pages": 956,
    "price": "279.00",
    "rating": 5.5,
    "publisher": 30,
    "pubdate": "2004-11-12",
    "authors": [
      6,
      8
    ]
  }
},
{
  "model": "hm12.book",
  "pk": 33,
  "fields": {
    "name": "Сфинкс",
    "pages": 921,
    "price": "379.00",
    "rating": 4.0,
    "publisher": 30,
    "pubdate": "2012-07-15",
    "authors": [
      9
    ]
  }
},
{
  "model": "hm12.book",
  "pk": 34,
  "fields": {
    "name": "Прикосновение",
    "pages": 800,
    "price": "689.00",
    "rating": 4.0,
    "publisher": 27,
    "pubdate": "2011-10-07",
    "authors": [
      2,
      4
    ]
  }
},
{
  "model": "hm12.book",
  "pk": 35,
  "fields": {
    "name": "Пятая Салли",
    "pages": 754,
    "price": "579.00",
    "rating": 4.5,
    "publisher": 25,
    "pubdate": "2000-06-06",
    "authors": [
      5
    ]
  }
},
{
  "model": "hm12.book",
  "pk": 36,
  "fields": {
    "name": "Вино из одуванчиков",
    "pages": 450,
    "price": "399.00",
    "rating": 8.0,
    "publisher": 26,
    "pubdate": "2006-05-30",
    "authors": [
      9,
      13
    ]
  }
},
{
  "model": "hm12.book",
  "pk": 37,
  "fields": {
    "name": "Над пропастью во ржи",
    "pages": 327,
    "price": "433.00",
    "rating": 8.0,
    "publisher": 24,
    "pubdate": "2006-11-13",
    "authors": [
      14
    ]
  }
},
{
  "model": "hm12.book",
  "pk": 38,
  "fields": {
    "name": "Империя вампиров",
    "pages": 537,
    "price": "789.00",
    "rating": 9.5,
    "publisher": 23,
    "pubdate": "2008-02-03",
    "authors": [
      14
    ]
  }
},
{
  "model": "hm12.book",
  "pk": 39,
  "fields": {
    "name": "Немного ненависти",
    "pages": 289,
    "price": "609.00",
    "rating": 9.0,
    "publisher": 22,
    "pubdate": "2005-01-07",
    "authors": [
      15
    ]
  }
},
{
  "model": "hm12.book",
  "pk": 40,
  "fields": {
    "name": "Что скрывает прилив",
    "pages": 344,
    "price": "489.00",
    "rating": 8.0,
    "publisher": 21,
    "pubdate": "2008-10-03",
    "authors": [
      2,
      13
    ]
  }
},
{
  "model": "hm12.book",
  "pk": 41,
  "fields": {
    "name": "Та",
    "pages": 385,
    "price": "479.00",
    "rating": 8.0,
    "publisher": 22,
    "pubdate": "2013-03-31",
    "authors": [
      12
    ]
  }
},
{
  "model": "hm12.book",
  "pk": 42,
  "fields": {
    "name": "Сиротки",
    "pages": 809,
    "price": "459.00",
    "rating": 8.5,
    "publisher": 26,
    "pubdate": "2001-12-20",
    "authors": [
      11,
      12
    ]
  }
},
{
  "model": "hm12.book",
  "pk": 43,
  "fields": {
    "name": "Незримая жизнь Адди Ларю",
    "pages": 601,
    "price": "359.00",
    "rating": 7.0,
    "publisher": 25,
    "pubdate": "2010-04-16",
    "authors": [
      11
    ]
  }
},
{
  "model": "hm12.book",
  "pk": 44,
  "fields": {
    "name": "Финист – Ясный сокол",
    "pages": 200,
    "price": "559.00",
    "rating": 7.5,
    "publisher": 21,
    "pubdate": "2008-09-12",
    "authors": [
      5,
      10
    ]
  }
},
{
  "model": "hm12.book",
  "pk": 45,
  "fields": {
    "name": "Из крови и пепла",
    "pages": 154,
    "price": "489.00",
    "rating": 10.0,
    "publisher": 23,
    "pubdate": "2000-10-06",
    "authors": [
      5,
      6,
      12
    ]
  }
},
{
  "model": "hm12.book",
  "pk": 46,
  "fields": {
    "name": "Оккульттрегер",
    "pages": 167,
    "price": "689.00",
    "rating": 9.0,
    "publisher": 22,
    "pubdate": "2003-04-10",
    "authors": [
      3
    ]
  }
},
{
  "model": "hm12.book",
  "pk": 47,
  "fields": {
    "name": "Стрела",
    "pages": 899,
    "price": "399.00",
    "rating": 9.5,
    "publisher": 26,
    "pubdate": "2006-12-20",
    "authors": [
      2
    ]
  }
},
{
  "model": "hm12.book",
  "pk": 48,
  "fields": {
    "name": "Служба доставки книг",
    "pages": 705,
    "price": "489.00",
    "rating": 4.0,
    "publisher": 27,
    "pubdate": "2011-03-17",
    "authors": [
      1,
      7
    ]
  }
},
{
  "model": "hm12.book",
  "pk": 49,
  "fields": {
    "name": "Книжный на левом берегу Сены",
    "pages": 566,
    "price": "689.00",
    "rating": 4.5,
    "publisher": 28,
    "pubdate": "2001-07-22",
    "authors": [
      7
    ]
  }
},
{
  "model": "hm12.book",
  "pk": 50,
  "fields": {
    "name": "Дневник книготорговца",
    "pages": 555,
    "price": "768.00",
    "rating": 6.0,
    "publisher": 25,
    "pubdate": "2007-06-11",
    "authors": [
      1,
      8
    ]
  }
},
{
  "model": "hm12.book",
  "pk": 51,
  "fields": {
    "name": "Аромат книг",
    "pages": 444,
    "price": "589.00",
    "rating": 4.0,
    "publisher": 24,
    "pubdate": "2001-03-01",
    "authors": [
      2
    ]
  }
},
{
  "model": "hm12.book",
  "pk": 52,
  "fields": {
    "name": "Книжная лавка",
    "pages": 333,
    "price": "890.00",
    "rating": 3.0,
    "publisher": 22,
    "pubdate": "2009-05-30",
    "authors": []
  }
},
{
  "model": "hm12.book",
  "pk": 53,
  "fields": {
    "name": "Книжный магазинчик счастья",
    "pages": 877,
    "price": "999.00",
    "rating": 2.0,
    "publisher": 24,
    "pubdate": "2007-05-24",
    "authors": [
      6,
      11
    ]
  }
},
{
  "model": "hm12.book",
  "pk": 54,
  "fields": {
    "name": "Книжная лавка под дождём",
    "pages": 544,
    "price": "995.00",
    "rating": 3.5,
    "publisher": 24,
    "pubdate": "2009-02-01",
    "authors": [
      9
    ]
  }
},
{
  "model": "hm12.book",
  "pk": 55,
  "fields": {
    "name": "Евгений Онегин",
    "pages": 379,
    "price": "212.00",
    "rating": 2.0,
    "publisher": 26,
    "pubdate": "2011-02-08",
    "authors": []
  }
},
{
  "model": "hm12.book",
  "pk": 56,
  "fields": {
    "name": "Человек",
    "pages": 258,
    "price": "244.00",
    "rating": 8.0,
    "publisher": 27,
    "pubdate": "2002-08-25",
    "authors": []
  }
},
{
  "model": "hm12.book",
  "pk": 57,
  "fields": {
    "name": "Перлини української класики",
    "pages": 357,
    "price": "269.00",
    "rating": 4.0,
    "publisher": 29,
    "pubdate": "2009-02-12",
    "authors": []
  }
},
{
  "model": "hm12.book",
  "pk": 58,
  "fields": {
    "name": "Оккульттрегер",
    "pages": 366,
    "price": "292.00",
    "rating": 7.0,
    "publisher": 23,
    "pubdate": "2001-02-07",
    "authors": []
  }
},
{
  "model": "hm12.book",
  "pk": 59,
  "fields": {
    "name": "Стрела",
    "pages": 276,
    "price": "257.00",
    "rating": 6.0,
    "publisher": 30,
    "pubdate": "2004-05-16",
    "authors": []
  }
},
{
  "model": "hm12.book",
  "pk": 60,
  "fields": {
    "name": "Сиротки",
    "pages": 321,
    "price": "216.00",
    "rating": 5.0,
    "publisher": 30,
    "pubdate": "2004-04-10",
    "authors": []
  }
},
{
  "model": "hm12.book",
  "pk": 61,
  "fields": {
    "name": "Из крови и пепла",
    "pages": 223,
    "price": "331.00",
    "rating": 10.0,
    "publisher": 24,
    "pubdate": "2011-06-06",
    "authors": []
  }
},
{
  "model": "hm12.book",
  "pk": 62,
  "fields": {
    "name": "Цвет для Элджернона",
    "pages": 350,
    "price": "238.00",
    "rating": 10.0,
    "publisher": 23,
    "pubdate": "2012-02-03",
    "authors": []
  }
},
{
  "model": "hm12.book",
  "pk": 63,
  "fields": {
    "name": "Пятая Салли",
    "pages": 339,
    "price": "244.00",
    "rating": 8.0,
    "publisher": 27,
    "pubdate": "2005-02-08",
    "authors": []
  }
},
{
  "model": "hm12.book",
  "pk": 64,
  "fields": {
    "name": "Империя вампиров",
    "pages": 279,
    "price": "223.00",
    "rating": 6.0,
    "publisher": 21,
    "pubdate": "2002-08-11",
    "authors": []
  }
},
{
  "model": "hm12.book",
  "pk": 65,
  "fields": {
    "name": "Перехресні стежки",
    "pages": 388,
    "price": "257.00",
    "rating": 6.0,
    "publisher": 22,
    "pubdate": "2002-11-08",
    "authors": []
  }
},
{
  "model": "hm12.book",
  "pk": 66,
  "fields": {
    "name": "Harry Potter",
    "pages": 358,
    "price": "311.00",
    "rating": 5.0,
    "publisher": 25,
    "pubdate": "2003-06-27",
    "authors": []
  }
},
{
  "model": "hm12.book",
  "pk": 67,
  "fields": {
    "name": "Сказка о царе Салтане",
    "pages": 313,
    "price": "298.00",
    "rating": 9.0,
    "publisher": 30,
    "pubdate": "2002-01-15",
    "authors": []
  }
},
{
  "model": "hm12.book",
  "pk": 68,
  "fields": {
    "name": "Скарбниця української класик",
    "pages": 293,
    "price": "237.00",
    "rating": 3.0,
    "publisher": 27,
    "pubdate": "2008-10-11",
    "authors": []
  }
},
{
  "model": "hm12.book",
  "pk": 69,
  "fields": {
    "name": "Book_0",
    "pages": 249,
    "price": "215.00",
    "rating": 10.0,
    "publisher": 26,
    "pubdate": "2010-03-12",
    "authors": []
  }
},
{
  "model": "hm12.book",
  "pk": 70,
  "fields": {
    "name": "Book_1",
    "pages": 229,
    "price": "337.00",
    "rating": 6.0,
    "publisher": 22,
    "pubdate": "2006-03-05",
    "authors": []
  }
},
{
  "model": "hm12.book",
  "pk": 79,
  "fields": {
    "name": "Book_0",
    "pages": 338,
    "price": "315.00",
    "rating": 6.0,
    "publisher": 27,
    "pubdate": "2004-08-31",
    "authors": []
  }
},
{
  "model": "hm12.book",
  "pk": 80,
  "fields": {
    "name": "Book_1",
    "pages": 361,
    "price": "216.00",
    "rating": 2.0,
    "publisher": 24,
    "pubdate": "2004-08-31",
    "authors": []
  }
},
{
  "model": "hm12.book_authors",
  "pk": 1,
  "fields": {
    "book": 1,
    "author": 7
  }
},
{
  "model": "hm12.book_authors",
  "pk": 2,
  "fields": {
    "book": 2,
    "author": 6
  }
},
{
  "model": "hm12.book_authors",
  "pk": 3,
  "fields": {
    "book": 3,
    "author": 8
  }
},
{
  "model": "hm12.book_authors",
  "pk": 4,
  "fields": {
    "book": 4,
    "author": 1
  }
},
{
  "model": "hm12.book_authors",
  "pk": 5,
  "fields": {
    "book": 5,
    "author": 3
  }
},
{
  "model": "hm12.book_authors",
  "pk": 6,
  "fields": {
    "book": 6,
    "author": 2
  }
},
{
  "model": "hm12.book_authors",
  "pk": 7,
  "fields": {
    "book": 7,
    "author": 8
  }
},
{
  "model": "hm12.book_authors",
  "pk": 8,
  "fields": {
    "book": 8,
    "author": 9
  }
},
{
  "model": "hm12.book_authors",
  "pk": 9,
  "fields": {
    "book": 9,
    "author": 11
  }
},
{
  "model": "hm12.book_authors",
  "pk": 10,
  "fields": {
    "book": 10,
    "author": 12
  }
},
{
  "model": "hm12.book_authors",
  "pk": 11,
  "fields": {
    "book": 11,
    "author": 15
  }
},
{
  "model": "hm12.book_authors",
  "pk": 12,
  "fields": {
    "book": 12,
    "author": 4
  }
},
{
  "model": "hm12.book_authors",
  "pk": 13,
  "fields": {
    "book": 13,
    "author": 13
  }
},
{
  "model": "hm12.book_authors",
  "pk": 14,
  "fields": {
    "book": 14,
    "author": 10
  }
},
{
  "model": "hm12.book_authors",
  "pk": 15,
  "fields": {
    "book": 15,
    "author": 9
  }
},
{
  "model": "hm12.book_authors",
  "pk": 16,
  "fields": {
    "book": 16,
    "author": 8
  }
},
{
  "model": "hm12.book_authors",
  "pk": 17,
  "fields": {
    "book": 17,
    "author": 12
  }
},
{
  "model": "hm12.book_authors",
  "pk": 18,
  "fields": {
    "book": 18,
    "author": 14
  }
},
{
  "model": "hm12.book_authors",
  "pk": 19,
  "fields": {
    "book": 19,
    "author": 13
  }
},
{
  "model": "hm12.book_authors",
  "pk": 20,
  "fields": {
    "book": 20,
    "author": 10
  }
},
{
  "model": "hm12.book_authors",
  "pk": 21,
  "fields": {
    "book": 21,
    "author": 6
  }
},
{
  "model": "hm12.book_authors",
  "pk": 22,
  "fields": {
    "book": 22,
    "author": 4
  }
},
{
  "model": "hm12.book_authors",
  "pk": 23,
  "fields": {
    "book": 23,
    "author": 3
  }
},
{
  "model": "hm12.book_authors",
  "pk": 24,
  "fields": {
    "book": 24,
    "author": 2
  }
},
{
  "model": "hm12.book_authors",
  "pk": 25,
  "fields": {
    "book": 25,
    "author": 1
  }
},
{
  "model": "hm12.book_authors",
  "pk": 26,
  "fields": {
    "book": 26,
    "author": 1
  }
},
{
  "model": "hm12.book_authors",
  "pk": 27,
  "fields": {
    "book": 27,
    "author": 1
  }
},
{
  "model": "hm12.book_authors",
  "pk": 28,
  "fields": {
    "book": 28,
    "author": 4
  }
},
{
  "model": "hm12.book_authors",
  "pk": 29,
  "fields": {
    "book": 29,
    "author": 5
  }
},
{
  "model": "hm12.book_authors",
  "pk": 30,
  "fields": {
    "book": 30,
    "author": 6
  }
},
{
  "model": "hm12.book_authors",
  "pk": 31,
  "fields": {
    "book": 31,
    "author": 8
  }
},
{
  "model": "hm12.book_authors",
  "pk": 32,
  "fields": {
    "book": 32,
    "author": 6
  }
},
{
  "model": "hm12.book_authors",
  "pk": 33,
  "fields": {
    "book": 33,
    "author": 9
  }
},
{
  "model": "hm12.book_authors",
  "pk": 34,
  "fields": {
    "book": 34,
    "author": 4
  }
},
{
  "model": "hm12.book_authors",
  "pk": 35,
  "fields": {
    "book": 35,
    "author": 5
  }
},
{
  "model": "hm12.book_authors",
  "pk": 36,
  "fields": {
    "book": 36,
    "author": 13
  }
},
{
  "model": "hm12.book_authors",
  "pk": 37,
  "fields": {
    "book": 37,
    "author": 14
  }
},
{
  "model": "hm12.book_authors",
  "pk": 38,
  "fields": {
    "book": 38,
    "author": 14
  }
},
{
  "model": "hm12.book_authors",
  "pk": 39,
  "fields": {
    "book": 39,
    "author": 15
  }
},
{
  "model": "hm12.book_authors",
  "pk": 40,
  "fields": {
    "book": 40,
    "author": 13
  }
},
{
  "model": "hm12.book_authors",
  "pk": 41,
  "fields": {
    "book": 41,
    "author": 12
  }
},
{
  "model": "hm12.book_authors",
  "pk": 42,
  "fields": {
    "book": 42,
    "author": 12
  }
},
{
  "model": "hm12.book_authors",
  "pk": 43,
  "fields": {
    "book": 43,
    "author": 11
  }
},
{
  "model": "hm12.book_authors",
  "pk": 44,
  "fields": {
    "book": 44,
    "author": 10
  }
},
{
  "model": "hm12.book_authors",
  "pk": 45,
  "fields": {
    "book": 45,
    "author": 6
  }
},
{
  "model": "hm12.book_authors",
  "pk": 46,
  "fields": {
    "book": 46,
    "author": 3
  }
},
{
  "model": "hm12.book_authors",
  "pk": 47,
  "fields": {
    "book": 47,
    "author": 2
  }
},
{
  "model": "hm12.book_authors",
  "pk": 48,
  "fields": {
    "book": 48,
    "author": 1
  }
},
{
  "model": "hm12.book_authors",
  "pk": 49,
  "fields": {
    "book": 49,
    "author": 7
  }
},
{
  "model": "hm12.book_authors",
  "pk": 50,
  "fields": {
    "book": 50,
    "author": 8
  }
},
{
  "model": "hm12.book_authors",
  "pk": 51,
  "fields": {
    "book": 51,
    "author": 2
  }
},
{
  "model": "hm12.book_authors",
  "pk": 52,
  "fields": {
    "book": 44,
    "author": 5
  }
},
{
  "model": "hm12.book_authors",
  "pk": 53,
  "fields": {
    "book": 53,
    "author": 6
  }
},
{
  "model": "hm12.book_authors",
  "pk": 54,
  "fields": {
    "book": 54,
    "author": 9
  }
},
{
  "model": "hm12.book_authors",
  "pk": 55,
  "fields": {
    "book": 53,
    "author": 11
  }
},
{
  "model": "hm12.book_authors",
  "pk": 56,
  "fields": {
    "book": 42,
    "author": 11
  }
},
{
  "model": "hm12.book_authors",
  "pk": 57,
  "fields": {
    "book": 48,
    "author": 7
  }
},
{
  "model": "hm12.book_authors",
  "pk": 58,
  "fields": {
    "book": 16,
    "author": 3
  }
},
{
  "model": "hm12.book_authors",
  "pk": 59,
  "fields": {
    "book": 11,
    "author": 7
  }
},
{
  "model": "hm12.book_authors",
  "pk": 60,
  "fields": {
    "book": 32,
    "author": 8
  }
},
{
  "model": "hm12.book_authors",
  "pk": 61,
  "fields": {
    "book": 36,
    "author": 9
  }
},
{
  "model": "hm12.book_authors",
  "pk": 62,
  "fields": {
    "book": 30,
    "author": 3
  }
},
{
  "model": "hm12.book_authors",
  "pk": 63,
  "fields": {
    "book": 15,
    "author": 10
  }
},
{
  "model": "hm12.book_authors",
  "pk": 64,
  "fields": {
    "book": 45,
    "author": 12
  }
},
{
  "model": "hm12.book_authors",
  "pk": 65,
  "fields": {
    "book": 40,
    "author": 2
  }
},
{
  "model": "hm12.book_authors",
  "pk": 66,
  "fields": {
    "book": 34,
    "author": 2
  }
},
{
  "model": "hm12.book_authors",
  "pk": 67,
  "fields": {
    "book": 18,
    "author": 1
  }
},
{
  "model": "hm12.book_authors",
  "pk": 68,
  "fields": {
    "book": 45,
    "author": 5
  }
},
{
  "model": "hm12.book_authors",
  "pk": 69,
  "fields": {
    "book": 50,
    "author": 1
  }
},
{
  "model": "hm12.book_authors",
  "pk": 70,
  "fields": {
    "book": 22,
    "author": 7
  }
},
{
  "model": "hm12.book_authors",
  "pk": 71,
  "fields": {
    "book": 2,
    "author": 4
  }
},
{
  "model": "hm12.book_authors",
  "pk": 72,
  "fields": {
    "book": 2,
    "author": 11
  }
},
{
  "model": "hm12.book_authors",
  "pk": 73,
  "fields": {
    "book": 1,
    "author": 2
  }
},
{
  "model": "hm12.book_authors",
  "pk": 74,
  "fields": {
    "book": 3,
    "author": 6
  }
},
{
  "model": "hm12.book_authors",
  "pk": 76,
  "fields": {
    "book": 4,
    "author": 4
  }
},
{
  "model": "hm12.book_authors",
  "pk": 77,
  "fields": {
    "book": 2,
    "author": 14
  }
},
{
  "model": "hm12.book_authors",
  "pk": 78,
  "fields": {
    "book": 4,
    "author": 7
  }
},
{
  "model": "hm12.book_authors",
  "pk": 79,
  "fields": {
    "book": 3,
    "author": 3
  }
},
{
  "model": "hm12.book_authors",
  "pk": 80,
  "fields": {
    "book": 4,
    "author": 10
  }
},
{
  "model": "hm12.book_authors",
  "pk": 82,
  "fields": {
    "book": 3,
    "author": 15
  }
},
{
  "model": "hm12.book_authors",
  "pk": 83,
  "fields": {
    "book": 5,
    "author": 8
  }
},
{
  "model": "hm12.book_authors",
  "pk": 84,
  "fields": {
    "book": 3,
    "author": 5
  }
},
{
  "model": "hm12.book_authors",
  "pk": 85,
  "fields": {
    "book": 2,
    "author": 10
  }
},
{
  "model": "hm12.book_authors",
  "pk": 86,
  "fields": {
    "book": 2,
    "author": 2
  }
},
{
  "model": "hm12.book_authors",
  "pk": 87,
  "fields": {
    "book": 4,
    "author": 6
  }
},
{
  "model": "hm12.book_authors",
  "pk": 88,
  "fields": {
    "book": 4,
    "author": 15
  }
},
{
  "model": "hm12.book_authors",
  "pk": 89,
  "fields": {
    "book": 3,
    "author": 4
  }
},
{
  "model": "hm12.book_authors",
  "pk": 90,
  "fields": {
    "book": 1,
    "author": 9
  }
},
{
  "model": "hm12.book_authors",
  "pk": 91,
  "fields": {
    "book": 5,
    "author": 9
  }
},
{
  "model": "hm12.book_authors",
  "pk": 92,
  "fields": {
    "book": 1,
    "author": 12
  }
},
{
  "model": "hm12.book_authors",
  "pk": 93,
  "fields": {
    "book": 3,
    "author": 13
  }
},
{
  "model": "hm12.book_authors",
  "pk": 94,
  "fields": {
    "book": 2,
    "author": 8
  }
},
{
  "model": "hm12.book_authors",
  "pk": 96,
  "fields": {
    "book": 1,
    "author": 13
  }
},
{
  "model": "hm12.book_authors",
  "pk": 97,
  "fields": {
    "book": 2,
    "author": 1
  }
},
{
  "model": "hm12.book_authors",
  "pk": 98,
  "fields": {
    "book": 3,
    "author": 1
  }
},
{
  "model": "hm12.book_authors",
  "pk": 99,
  "fields": {
    "book": 1,
    "author": 4
  }
},
{
  "model": "hm12.book_authors",
  "pk": 100,
  "fields": {
    "book": 5,
    "author": 11
  }
},
{
  "model": "hm12.book_authors",
  "pk": 103,
  "fields": {
    "book": 2,
    "author": 12
  }
},
{
  "model": "hm12.book_authors",
  "pk": 104,
  "fields": {
    "book": 3,
    "author": 11
  }
},
{
  "model": "hm12.book_authors",
  "pk": 105,
  "fields": {
    "book": 2,
    "author": 13
  }
},
{
  "model": "hm12.book_authors",
  "pk": 106,
  "fields": {
    "book": 4,
    "author": 3
  }
},
{
  "model": "hm12.book_authors",
  "pk": 108,
  "fields": {
    "book": 5,
    "author": 2
  }
},
{
  "model": "hm12.book_authors",
  "pk": 109,
  "fields": {
    "book": 1,
    "author": 11
  }
},
{
  "model": "hm12.book_authors",
  "pk": 111,
  "fields": {
    "book": 5,
    "author": 7
  }
},
{
  "model": "hm12.book_authors",
  "pk": 113,
  "fields": {
    "book": 2,
    "author": 5
  }
},
{
  "model": "hm12.book_authors",
  "pk": 114,
  "fields": {
    "book": 1,
    "author": 3
  }
},
{
  "model": "hm12.book_authors",
  "pk": 117,
  "fields": {
    "book": 2,
    "author": 9
  }
},
{
  "model": "hm12.book_authors",
  "pk": 123,
  "fields": {
    "book": 4,
    "author": 12
  }
},
{
  "model": "hm12.book_authors",
  "pk": 127,
  "fields": {
    "book": 1,
    "author": 5
  }
},
{
  "model": "hm12.book_authors",
  "pk": 131,
  "fields": {
    "book": 1,
    "author": 10
  }
},
{
  "model": "hm12.book_authors",
  "pk": 133,
  "fields": {
    "book": 1,
    "author": 1
  }
},
{
  "model": "hm12.book_authors",
  "pk": 134,
  "fields": {
    "book": 1,
    "author": 15
  }
},
{
  "model": "hm12.book_authors",
  "pk": 135,
  "fields": {
    "book": 5,
    "author": 15
  }
},
{
  "model": "hm12.book_authors",
  "pk": 136,
  "fields": {
    "book": 4,
    "author": 8
  }
},
{
  "model": "hm12.book_authors",
  "pk": 143,
  "fields": {
    "book": 5,
    "author": 5
  }
},
{
  "model": "hm12.book_authors",
  "pk": 145,
  "fields": {
    "book": 4,
    "author": 13
  }
},
{
  "model": "hm12.publisher",
  "pk": 21,
  "fields": {
    "name": "Ранок"
  }
},
{
  "model": "hm12.publisher",
  "pk": 22,
  "fields": {
    "name": "Генеза"
  }
},
{
  "model": "hm12.publisher",
  "pk": 23,
  "fields": {
    "name": "Учебники и пособия"
  }
},
{
  "model": "hm12.publisher",
  "pk": 24,
  "fields": {
    "name": "Освита"
  }
},
{
  "model": "hm12.publisher",
  "pk": 25,
  "fields": {
    "name": "Иглмосс Эдишинз"
  }
},
{
  "model": "hm12.publisher",
  "pk": 26,
  "fields": {
    "name": "Грамота"
  }
},
{
  "model": "hm12.publisher",
  "pk": 27,
  "fields": {
    "name": "Фолио"
  }
},
{
  "model": "hm12.publisher",
  "pk": 28,
  "fields": {
    "name": "Морион"
  }
},
{
  "model": "hm12.publisher",
  "pk": 29,
  "fields": {
    "name": "Картография"
  }
},
{
  "model": "hm12.publisher",
  "pk": 30,
  "fields": {
    "name": "Украина"
  }
},
{
  "model": "hm12.store",
  "pk": 1,
  "fields": {
    "name": "Мир Книг",
    "books": [
      1,
      3,
      5,
      6,
      8,
      9,
      10,
      11,
      12,
      14,
      18,
      19,
      20,
      21,
      23,
      24,
      25,
      26,
      28,
      31,
      33,
      35,
      36,
      37,
      38,
      41,
      42,
      43,
      44,
      45,
      46,
      49,
      50,
      51,
      53,
      57,
      58,
      59
    ]
  }
},
{
  "model": "hm12.store",
  "pk": 2,
  "fields": {
    "name": "Книги бу",
    "books": [
      1,
      2,
      3,
      6,
      7,
      8,
      9,
      10,
      11,
      13,
      15,
      16,
      17,
      18,
      19,
      22,
      24,
      26,
      28,
      29,
      31,
      33,
      34,
      35,
      38,
      40,
      41,
      42,
      43,
      44,
      45,
      48,
      49,
      50,
      52,
      53,
      56,
      58,
      59,
      62
    ]
  }
},
{
  "model": "hm12.store",
  "pk": 3,
  "fields": {
    "name": "Books-store",
    "books": [
      1,
      4,
      5,
      6,
      7,
      11,
      12,
      15,
      16,
      18,
      19,
      20,
      21,
      22,
      26,
      27,
      30,
      31,
      32,
      33,
      34,
      35,
      37,
      40,
      41,
      43,
      44,
      45,
      46,
      48,
      50,
      53,
      54,
      57,
      58,
      59,
      60,
      61,
      62
    ]
  }
},
{
  "model": "hm12.store",
  "pk": 4,
  "fields": {
    "name": "Читай!",
    "books": [
      3,
      5,
      6,
      7,
      8,
      11,
      13,
      14,
      15,
      16,
      17,
      18,
      19,
      20,
      22,
      23,
      24,
      27,
      31,
      32,
      33,
      34,
      35,
      36,
      41,
      43,
      44,
      47,
      49,
      50,
      51,
      54,
      55,
      56,
      59,
      60,
      62
    ]
  }
},
{
  "model": "hm12.store",
  "pk": 5,
  "fields": {
    "name": "Книжный рай",
    "books": [
      1,
      2,
      4,
      6,
      7,
      8,
      10,
      11,
      14,
      15,
      16,
      17,
      18,
      20,
      21,
      22,
      24,
      25,
      26,
      27,
      28,
      29,
      30,
      31,
      33,
      35,
      36,
      38,
      39,
      40,
      41,
      42,
      44,
      45,
      46,
      47,
      48,
      51,
      56,
      59,
      60,
      61
    ]
  }
},
{
  "model": "hm12.store_books",
  "pk": 1,
  "fields": {
    "store": 3,
    "book": 1
  }
},
{
  "model": "hm12.store_books",
  "pk": 2,
  "fields": {
    "store": 2,
    "book": 2
  }
},
{
  "model": "hm12.store_books",
  "pk": 3,
  "fields": {
    "store": 1,
    "book": 3
  }
},
{
  "model": "hm12.store_books",
  "pk": 4,
  "fields": {
    "store": 5,
    "book": 4
  }
},
{
  "model": "hm12.store_books",
  "pk": 5,
  "fields": {
    "store": 4,
    "book": 5
  }
},
{
  "model": "hm12.store_books",
  "pk": 6,
  "fields": {
    "store": 3,
    "book": 6
  }
},
{
  "model": "hm12.store_books",
  "pk": 7,
  "fields": {
    "store": 3,
    "book": 7
  }
},
{
  "model": "hm12.store_books",
  "pk": 8,
  "fields": {
    "store": 2,
    "book": 8
  }
},
{
  "model": "hm12.store_books",
  "pk": 9,
  "fields": {
    "store": 1,
    "book": 9
  }
},
{
  "model": "hm12.store_books",
  "pk": 10,
  "fields": {
    "store": 5,
    "book": 10
  }
},
{
  "model": "hm12.store_books",
  "pk": 11,
  "fields": {
    "store": 4,
    "book": 11
  }
},
{
  "model": "hm12.store_books",
  "pk": 12,
  "fields": {
    "store": 3,
    "book": 12
  }
},
{
  "model": "hm12.store_books",
  "pk": 13,
  "fields": {
    "store": 4,
    "book": 13
  }
},
{
  "model": "hm12.store_books",
  "pk": 14,
  "fields": {
    "store": 5,
    "book": 14
  }
},
{
  "model": "hm12.store_books",
  "pk": 15,
  "fields": {
    "store": 2,
    "book": 15
  }
},
{
  "model": "hm12.store_books",
  "pk": 16,
  "fields": {
    "store": 2,
    "book": 16
  }
},
{
  "model": "hm12.store_books",
  "pk": 17,
  "fields": {
    "store": 4,
    "book": 17
  }
},
{
  "model": "hm12.store_books",
  "pk": 18,
  "fields": {
    "store": 3,
    "book": 18
  }
},
{
  "model": "hm12.store_books",
  "pk": 19,
  "fields": {
    "store": 4,
    "book": 19
  }
},
{
  "model": "hm12.store_books",
  "pk": 20,
  "fields": {
    "store": 4,
    "book": 20
  }
},
{
  "model": "hm12.store_books",
  "pk": 21,
  "fields": {
    "store": 3,
    "book": 21
  }
},
{
  "model": "hm12.store_books",
  "pk": 22,
  "fields": {
    "store": 5,
    "book": 22
  }
},
{
  "model": "hm12.store_books",
  "pk": 23,
  "fields": {
    "store": 1,
    "book": 23
  }
},
{
  "model": "hm12.store_books",
  "pk": 24,
  "fields": {
    "store": 2,
    "book": 24
  }
},
{
  "model": "hm12.store_books",
  "pk": 25,
  "fields": {
    "store": 1,
    "book": 25
  }
},
{
  "model": "hm12.store_books",
  "pk": 26,
  "fields": {
    "store": 3,
    "book": 26
  }
},
{
  "model": "hm12.store_books",
  "pk": 27,
  "fields": {
    "store": 4,
    "book": 27
  }
},
{
  "model": "hm12.store_books",
  "pk": 28,
  "fields": {
    "store": 2,
    "book": 28
  }
},
{
  "model": "hm12.store_books",
  "pk": 29,
  "fields": {
    "store": 5,
    "book": 29
  }
},
{
  "model": "hm12.store_books",
  "pk": 30,
  "fields": {
    "store": 3,
    "book": 30
  }
},
{
  "model": "hm12.store_books",
  "pk": 31,
  "fields": {
    "store": 5,
    "book": 31
  }
},
{
  "model": "hm12.store_books",
  "pk": 32,
  "fields": {
    "store": 4,
    "book": 32
  }
},
{
  "model": "hm12.store_books",
  "pk": 33,
  "fields": {
    "store": 3,
    "book": 33
  }
},
{
  "model": "hm12.store_books",
  "pk": 34,
  "fields": {
    "store": 2,
    "book": 34
  }
},
{
  "model": "hm12.store_books",
  "pk": 35,
  "fields": {
    "store": 2,
    "book": 35
  }
},
{
  "model": "hm12.store_books",
  "pk": 36,
  "fields": {
    "store": 1,
    "book": 36
  }
},
{
  "model": "hm12.store_books",
  "pk": 37,
  "fields": {
    "store": 1,
    "book": 37
  }
},
{
  "model": "hm12.store_books",
  "pk": 38,
  "fields": {
    "store": 1,
    "book": 38
  }
},
{
  "model": "hm12.store_books",
  "pk": 39,
  "fields": {
    "store": 5,
    "book": 39
  }
},
{
  "model": "hm12.store_books",
  "pk": 40,
  "fields": {
    "store": 3,
    "book": 40
  }
},
{
  "model": "hm12.store_books",
  "pk": 41,
  "fields": {
    "store": 1,
    "book": 41
  }
},
{
  "model": "hm12.store_books",
  "pk": 42,
  "fields": {
    "store": 5,
    "book": 42
  }
},
{
  "model": "hm12.store_books",
  "pk": 43,
  "fields": {
    "store": 4,
    "book": 43
  }
},
{
  "model": "hm12.store_books",
  "pk": 44,
  "fields": {
    "store": 3,
    "book": 44
  }
},
{
  "model": "hm12.store_books",
  "pk": 45,
  "fields": {
    "store": 1,
    "book": 45
  }
},
{
  "model": "hm12.store_books",
  "pk": 46,
  "fields": {
    "store": 5,
    "book": 46
  }
},
{
  "model": "hm12.store_books",
  "pk": 47,
  "fields": {
    "store": 4,
    "book": 47
  }
},
{
  "model": "hm12.store_books",
  "pk": 48,
  "fields": {
    "store": 3,
    "book": 48
  }
},
{
  "model": "hm12.store_books",
  "pk": 49,
  "fields": {
    "store": 2,
    "book": 49
  }
},
{
  "model": "hm12.store_books",
  "pk": 50,
  "fields": {
    "store": 1,
    "book": 50
  }
},
{
  "model": "hm12.store_books",
  "pk": 51,
  "fields": {
    "store": 1,
    "book": 51
  }
},
{
  "model": "hm12.store_books",
  "pk": 52,
  "fields": {
    "store": 2,
    "book": 52
  }
},
{
  "model": "hm12.store_books",
  "pk": 53,
  "fields": {
    "store": 3,
    "book": 53
  }
},
{
  "model": "hm12.store_books",
  "pk": 54,
  "fields": {
    "store": 4,
    "book": 54
  }
},
{
  "model": "hm12.store_books",
  "pk": 7774,
  "fields": {
    "store": 3,
    "book": 20
  }
},
{
  "model": "hm12.store_books",
  "pk": 7775,
  "fields": {
    "store": 5,
    "book": 8
  }
},
{
  "model": "hm12.store_books",
  "pk": 7777,
  "fields": {
    "store": 1,
    "book": 21
  }
},
{
  "model": "hm12.store_books",
  "pk": 7778,
  "fields": {
    "store": 2,
    "book": 22
  }
},
{
  "model": "hm12.store_books",
  "pk": 7779,
  "fields": {
    "store": 5,
    "book": 25
  }
},
{
  "model": "hm12.store_books",
  "pk": 7780,
  "fields": {
    "store": 4,
    "book": 50
  }
},
{
  "model": "hm12.store_books",
  "pk": 7781,
  "fields": {
    "store": 1,
    "book": 33
  }
},
{
  "model": "hm12.store_books",
  "pk": 7782,
  "fields": {
    "store": 3,
    "book": 4
  }
},
{
  "model": "hm12.store_books",
  "pk": 7783,
  "fields": {
    "store": 4,
    "book": 16
  }
},
{
  "model": "hm12.store_books",
  "pk": 7784,
  "fields": {
    "store": 2,
    "book": 40
  }
},
{
  "model": "hm12.store_books",
  "pk": 7785,
  "fields": {
    "store": 4,
    "book": 60
  }
},
{
  "model": "hm12.store_books",
  "pk": 7787,
  "fields": {
    "store": 1,
    "book": 6
  }
},
{
  "model": "hm12.store_books",
  "pk": 7788,
  "fields": {
    "store": 2,
    "book": 41
  }
},
{
  "model": "hm12.store_books",
  "pk": 7789,
  "fields": {
    "store": 1,
    "book": 19
  }
},
{
  "model": "hm12.store_books",
  "pk": 7790,
  "fields": {
    "store": 4,
    "book": 59
  }
},
{
  "model": "hm12.store_books",
  "pk": 7791,
  "fields": {
    "store": 1,
    "book": 14
  }
},
{
  "model": "hm12.store_books",
  "pk": 7792,
  "fields": {
    "store": 5,
    "book": 28
  }
},
{
  "model": "hm12.store_books",
  "pk": 7793,
  "fields": {
    "store": 1,
    "book": 59
  }
},
{
  "model": "hm12.store_books",
  "pk": 7794,
  "fields": {
    "store": 1,
    "book": 43
  }
},
{
  "model": "hm12.store_books",
  "pk": 7795,
  "fields": {
    "store": 4,
    "book": 56
  }
},
{
  "model": "hm12.store_books",
  "pk": 7796,
  "fields": {
    "store": 4,
    "book": 23
  }
},
{
  "model": "hm12.store_books",
  "pk": 7798,
  "fields": {
    "store": 1,
    "book": 53
  }
},
{
  "model": "hm12.store_books",
  "pk": 7800,
  "fields": {
    "store": 4,
    "book": 18
  }
},
{
  "model": "hm12.store_books",
  "pk": 7802,
  "fields": {
    "store": 4,
    "book": 44
  }
},
{
  "model": "hm12.store_books",
  "pk": 7803,
  "fields": {
    "store": 5,
    "book": 26
  }
},
{
  "model": "hm12.store_books",
  "pk": 7804,
  "fields": {
    "store": 5,
    "book": 44
  }
},
{
  "model": "hm12.store_books",
  "pk": 7805,
  "fields": {
    "store": 2,
    "book": 42
  }
},
{
  "model": "hm12.store_books",
  "pk": 7806,
  "fields": {
    "store": 5,
    "book": 60
  }
},
{
  "model": "hm12.store_books",
  "pk": 7807,
  "fields": {
    "store": 3,
    "book": 45
  }
},
{
  "model": "hm12.store_books",
  "pk": 7809,
  "fields": {
    "store": 2,
    "book": 29
  }
},
{
  "model": "hm12.store_books",
  "pk": 7810,
  "fields": {
    "store": 1,
    "book": 18
  }
},
{
  "model": "hm12.store_books",
  "pk": 7812,
  "fields": {
    "store": 3,
    "book": 41
  }
},
{
  "model": "hm12.store_books",
  "pk": 7814,
  "fields": {
    "store": 3,
    "book": 62
  }
},
{
  "model": "hm12.store_books",
  "pk": 7815,
  "fields": {
    "store": 5,
    "book": 20
  }
},
{
  "model": "hm12.store_books",
  "pk": 7816,
  "fields": {
    "store": 2,
    "book": 44
  }
},
{
  "model": "hm12.store_books",
  "pk": 7818,
  "fields": {
    "store": 5,
    "book": 21
  }
},
{
  "model": "hm12.store_books",
  "pk": 7819,
  "fields": {
    "store": 1,
    "book": 49
  }
},
{
  "model": "hm12.store_books",
  "pk": 7821,
  "fields": {
    "store": 3,
    "book": 43
  }
},
{
  "model": "hm12.store_books",
  "pk": 7822,
  "fields": {
    "store": 1,
    "book": 35
  }
},
{
  "model": "hm12.store_books",
  "pk": 7825,
  "fields": {
    "store": 3,
    "book": 35
  }
},
{
  "model": "hm12.store_books",
  "pk": 7826,
  "fields": {
    "store": 1,
    "book": 1
  }
},
{
  "model": "hm12.store_books",
  "pk": 7828,
  "fields": {
    "store": 5,
    "book": 38
  }
},
{
  "model": "hm12.store_books",
  "pk": 7829,
  "fields": {
    "store": 2,
    "book": 18
  }
},
{
  "model": "hm12.store_books",
  "pk": 7831,
  "fields": {
    "store": 2,
    "book": 56
  }
},
{
  "model": "hm12.store_books",
  "pk": 7832,
  "fields": {
    "store": 3,
    "book": 11
  }
},
{
  "model": "hm12.store_books",
  "pk": 7833,
  "fields": {
    "store": 5,
    "book": 30
  }
},
{
  "model": "hm12.store_books",
  "pk": 7834,
  "fields": {
    "store": 2,
    "book": 10
  }
},
{
  "model": "hm12.store_books",
  "pk": 7835,
  "fields": {
    "store": 5,
    "book": 59
  }
},
{
  "model": "hm12.store_books",
  "pk": 7837,
  "fields": {
    "store": 5,
    "book": 17
  }
},
{
  "model": "hm12.store_books",
  "pk": 7839,
  "fields": {
    "store": 1,
    "book": 28
  }
},
{
  "model": "hm12.store_books",
  "pk": 7840,
  "fields": {
    "store": 1,
    "book": 24
  }
},
{
  "model": "hm12.store_books",
  "pk": 7841,
  "fields": {
    "store": 4,
    "book": 36
  }
},
{
  "model": "hm12.store_books",
  "pk": 7842,
  "fields": {
    "store": 1,
    "book": 26
  }
},
{
  "model": "hm12.store_books",
  "pk": 7846,
  "fields": {
    "store": 2,
    "book": 33
  }
},
{
  "model": "hm12.store_books",
  "pk": 7847,
  "fields": {
    "store": 4,
    "book": 41
  }
},
{
  "model": "hm12.store_books",
  "pk": 7850,
  "fields": {
    "store": 3,
    "book": 19
  }
},
{
  "model": "hm12.store_books",
  "pk": 7852,
  "fields": {
    "store": 2,
    "book": 62
  }
},
{
  "model": "hm12.store_books",
  "pk": 7853,
  "fields": {
    "store": 1,
    "book": 20
  }
},
{
  "model": "hm12.store_books",
  "pk": 7854,
  "fields": {
    "store": 2,
    "book": 17
  }
},
{
  "model": "hm12.store_books",
  "pk": 7855,
  "fields": {
    "store": 1,
    "book": 5
  }
},
{
  "model": "hm12.store_books",
  "pk": 7856,
  "fields": {
    "store": 5,
    "book": 48
  }
},
{
  "model": "hm12.store_books",
  "pk": 7857,
  "fields": {
    "store": 4,
    "book": 6
  }
},
{
  "model": "hm12.store_books",
  "pk": 7858,
  "fields": {
    "store": 2,
    "book": 59
  }
},
{
  "model": "hm12.store_books",
  "pk": 7859,
  "fields": {
    "store": 4,
    "book": 7
  }
},
{
  "model": "hm12.store_books",
  "pk": 7860,
  "fields": {
    "store": 4,
    "book": 35
  }
},
{
  "model": "hm12.store_books",
  "pk": 7861,
  "fields": {
    "store": 1,
    "book": 44
  }
},
{
  "model": "hm12.store_books",
  "pk": 7864,
  "fields": {
    "store": 3,
    "book": 57
  }
},
{
  "model": "hm12.store_books",
  "pk": 7865,
  "fields": {
    "store": 1,
    "book": 31
  }
},
{
  "model": "hm12.store_books",
  "pk": 7866,
  "fields": {
    "store": 2,
    "book": 13
  }
},
{
  "model": "hm12.store_books",
  "pk": 7868,
  "fields": {
    "store": 4,
    "book": 8
  }
},
{
  "model": "hm12.store_books",
  "pk": 7869,
  "fields": {
    "store": 2,
    "book": 6
  }
},
{
  "model": "hm12.store_books",
  "pk": 7870,
  "fields": {
    "store": 3,
    "book": 59
  }
},
{
  "model": "hm12.store_books",
  "pk": 7871,
  "fields": {
    "store": 2,
    "book": 43
  }
},
{
  "model": "hm12.store_books",
  "pk": 7872,
  "fields": {
    "store": 5,
    "book": 35
  }
},
{
  "model": "hm12.store_books",
  "pk": 7873,
  "fields": {
    "store": 5,
    "book": 45
  }
},
{
  "model": "hm12.store_books",
  "pk": 7876,
  "fields": {
    "store": 3,
    "book": 54
  }
},
{
  "model": "hm12.store_books",
  "pk": 7878,
  "fields": {
    "store": 4,
    "book": 15
  }
},
{
  "model": "hm12.store_books",
  "pk": 7879,
  "fields": {
    "store": 2,
    "book": 45
  }
},
{
  "model": "hm12.store_books",
  "pk": 7880,
  "fields": {
    "store": 5,
    "book": 7
  }
},
{
  "model": "hm12.store_books",
  "pk": 7882,
  "fields": {
    "store": 2,
    "book": 9
  }
},
{
  "model": "hm12.store_books",
  "pk": 7884,
  "fields": {
    "store": 4,
    "book": 14
  }
},
{
  "model": "hm12.store_books",
  "pk": 7885,
  "fields": {
    "store": 4,
    "book": 62
  }
},
{
  "model": "hm12.store_books",
  "pk": 7886,
  "fields": {
    "store": 3,
    "book": 61
  }
},
{
  "model": "hm12.store_books",
  "pk": 7888,
  "fields": {
    "store": 2,
    "book": 31
  }
},
{
  "model": "hm12.store_books",
  "pk": 7889,
  "fields": {
    "store": 5,
    "book": 1
  }
},
{
  "model": "hm12.store_books",
  "pk": 7890,
  "fields": {
    "store": 2,
    "book": 53
  }
},
{
  "model": "hm12.store_books",
  "pk": 7892,
  "fields": {
    "store": 4,
    "book": 51
  }
},
{
  "model": "hm12.store_books",
  "pk": 7893,
  "fields": {
    "store": 4,
    "book": 24
  }
},
{
  "model": "hm12.store_books",
  "pk": 7895,
  "fields": {
    "store": 3,
    "book": 58
  }
},
{
  "model": "hm12.store_books",
  "pk": 7897,
  "fields": {
    "store": 5,
    "book": 11
  }
},
{
  "model": "hm12.store_books",
  "pk": 7898,
  "fields": {
    "store": 3,
    "book": 31
  }
},
{
  "model": "hm12.store_books",
  "pk": 7899,
  "fields": {
    "store": 1,
    "book": 10
  }
},
{
  "model": "hm12.store_books",
  "pk": 7901,
  "fields": {
    "store": 2,
    "book": 58
  }
},
{
  "model": "hm12.store_books",
  "pk": 7903,
  "fields": {
    "store": 5,
    "book": 61
  }
},
{
  "model": "hm12.store_books",
  "pk": 7905,
  "fields": {
    "store": 5,
    "book": 15
  }
},
{
  "model": "hm12.store_books",
  "pk": 7910,
  "fields": {
    "store": 3,
    "book": 27
  }
},
{
  "model": "hm12.store_books",
  "pk": 7911,
  "fields": {
    "store": 2,
    "book": 19
  }
},
{
  "model": "hm12.store_books",
  "pk": 7913,
  "fields": {
    "store": 2,
    "book": 11
  }
},
{
  "model": "hm12.store_books",
  "pk": 7914,
  "fields": {
    "store": 5,
    "book": 27
  }
},
{
  "model": "hm12.store_books",
  "pk": 7915,
  "fields": {
    "store": 4,
    "book": 34
  }
},
{
  "model": "hm12.store_books",
  "pk": 7916,
  "fields": {
    "store": 5,
    "book": 47
  }
},
{
  "model": "hm12.store_books",
  "pk": 7918,
  "fields": {
    "store": 1,
    "book": 12
  }
},
{
  "model": "hm12.store_books",
  "pk": 7919,
  "fields": {
    "store": 4,
    "book": 33
  }
},
{
  "model": "hm12.store_books",
  "pk": 7922,
  "fields": {
    "store": 5,
    "book": 16
  }
},
{
  "model": "hm12.store_books",
  "pk": 7926,
  "fields": {
    "store": 1,
    "book": 58
  }
},
{
  "model": "hm12.store_books",
  "pk": 7929,
  "fields": {
    "store": 2,
    "book": 26
  }
},
{
  "model": "hm12.store_books",
  "pk": 7932,
  "fields": {
    "store": 3,
    "book": 34
  }
},
{
  "model": "hm12.store_books",
  "pk": 7933,
  "fields": {
    "store": 2,
    "book": 50
  }
},
{
  "model": "hm12.store_books",
  "pk": 7934,
  "fields": {
    "store": 5,
    "book": 36
  }
},
{
  "model": "hm12.store_books",
  "pk": 7935,
  "fields": {
    "store": 5,
    "book": 18
  }
},
{
  "model": "hm12.store_books",
  "pk": 7938,
  "fields": {
    "store": 3,
    "book": 22
  }
},
{
  "model": "hm12.store_books",
  "pk": 7940,
  "fields": {
    "store": 3,
    "book": 50
  }
},
{
  "model": "hm12.store_books",
  "pk": 7941,
  "fields": {
    "store": 5,
    "book": 56
  }
},
{
  "model": "hm12.store_books",
  "pk": 7942,
  "fields": {
    "store": 3,
    "book": 15
  }
},
{
  "model": "hm12.store_books",
  "pk": 7946,
  "fields": {
    "store": 2,
    "book": 48
  }
},
{
  "model": "hm12.store_books",
  "pk": 7949,
  "fields": {
    "store": 4,
    "book": 3
  }
},
{
  "model": "hm12.store_books",
  "pk": 7952,
  "fields": {
    "store": 1,
    "book": 11
  }
},
{
  "model": "hm12.store_books",
  "pk": 7954,
  "fields": {
    "store": 5,
    "book": 51
  }
},
{
  "model": "hm12.store_books",
  "pk": 7960,
  "fields": {
    "store": 4,
    "book": 55
  }
},
{
  "model": "hm12.store_books",
  "pk": 7961,
  "fields": {
    "store": 3,
    "book": 37
  }
},
{
  "model": "hm12.store_books",
  "pk": 7964,
  "fields": {
    "store": 4,
    "book": 22
  }
},
{
  "model": "hm12.store_books",
  "pk": 7965,
  "fields": {
    "store": 2,
    "book": 1
  }
},
{
  "model": "hm12.store_books",
  "pk": 7966,
  "fields": {
    "store": 1,
    "book": 46
  }
},
{
  "model": "hm12.store_books",
  "pk": 7968,
  "fields": {
    "store": 1,
    "book": 8
  }
},
{
  "model": "hm12.store_books",
  "pk": 7975,
  "fields": {
    "store": 4,
    "book": 31
  }
},
{
  "model": "hm12.store_books",
  "pk": 7976,
  "fields": {
    "store": 3,
    "book": 32
  }
},
{
  "model": "hm12.store_books",
  "pk": 7979,
  "fields": {
    "store": 5,
    "book": 40
  }
},
{
  "model": "hm12.store_books",
  "pk": 7982,
  "fields": {
    "store": 5,
    "book": 41
  }
},
{
  "model": "hm12.store_books",
  "pk": 7984,
  "fields": {
    "store": 2,
    "book": 3
  }
},
{
  "model": "hm12.store_books",
  "pk": 7985,
  "fields": {
    "store": 3,
    "book": 5
  }
},
{
  "model": "hm12.store_books",
  "pk": 7987,
  "fields": {
    "store": 5,
    "book": 2
  }
},
{
  "model": "hm12.store_books",
  "pk": 7990,
  "fields": {
    "store": 3,
    "book": 46
  }
},
{
  "model": "hm12.store_books",
  "pk": 7995,
  "fields": {
    "store": 4,
    "book": 49
  }
},
{
  "model": "hm12.store_books",
  "pk": 7998,
  "fields": {
    "store": 2,
    "book": 7
  }
},
{
  "model": "hm12.store_books",
  "pk": 8000,
  "fields": {
    "store": 3,
    "book": 16
  }
},
{
  "model": "hm12.store_books",
  "pk": 8002,
  "fields": {
    "store": 5,
    "book": 24
  }
},
{
  "model": "hm12.store_books",
  "pk": 8004,
  "fields": {
    "store": 1,
    "book": 42
  }
},
{
  "model": "hm12.store_books",
  "pk": 8008,
  "fields": {
    "store": 1,
    "book": 57
  }
},
{
  "model": "hm12.store_books",
  "pk": 8010,
  "fields": {
    "store": 5,
    "book": 33
  }
},
{
  "model": "hm12.store_books",
  "pk": 8013,
  "fields": {
    "store": 3,
    "book": 60
  }
},
{
  "model": "hm12.store_books",
  "pk": 8015,
  "fields": {
    "store": 5,
    "book": 6
  }
},
{
  "model": "hm12.store_books",
  "pk": 8020,
  "fields": {
    "store": 2,
    "book": 38
  }
}
]
